prompt,url,classification,title,retrievals,citation_rate
Are there any accelerated MBA programs in Canada for working professionals? Ideally online and at my own pace. List them and compare them.,https://ufred.ca/news/ufred-announces-accelerated-mba,OTHER,Fast-tracked MBA from UFred accelerates leadership impact across Canada,2,1
Are there any accelerated MBA programs in Canada for working professionals? Ideally online and at my own pace. List them and compare them.,https://ufred.ca/programs/business/emba,PRODUCT_PAGE,Online EMBA Canada | UFred,2,1
Are there any accelerated MBA programs in Canada for working professionals? Ideally online and at my own pace. List them and compare them.,https://athabascau.ca/business/programs/master-of-business-administration/mba-for-accountants.html,PRODUCT_PAGE,Athabasca University,2,0
Are there any accelerated MBA programs in Canada for working professionals? Ideally online and at my own pace. List them and compare them.,https://athabascau.ca/business/resources/master-of-business-administration-entry-routes.html,PRODUCT_PAGE,Athabasca University,2,0.5
Are there any accelerated MBA programs in Canada for working professionals? Ideally online and at my own pace. List them and compare them.,https://coursecompare.ca/affordable-mba-in-canada,LISTICLE,Best Affordable MBA Programs in Canada of 2026 | CourseCompare.ca,2,0
Are there any accelerated MBA programs in Canada for working professionals? Ideally online and at my own pace. List them and compare them.,https://ivey.uwo.ca/amba/accelerated-mba-program/why-an-accelerated-mba,PRODUCT_PAGE,Why an Ivey Accelerated MBA?,2,0
Are there any accelerated MBA programs in Canada for working professionals? Ideally online and at my own pace. List them and compare them.,https://royalroads.ca/programs/master-business-administration-executive-management,OTHER,Master of Business Administration in Executive Management \| Royal Roads University,2,1.5
Are there any accelerated MBA programs in Canada for working professionals? Ideally online and at my own pace. List them and compare them.,https://upgrad.com/ca/blog/best-online-mba-programs-in-canada-for-working-professionals,LISTICLE,Best Online MBA Programs in Canada for Working Professionals,2,0
Are there any accelerated MBA programs in Canada for working professionals? Ideally online and at my own pace. List them and compare them.,https://aringo.com/top-online-mba-programs,OTHER,Top Ranked Online MBA Programs - Admission info and options,1,0
Are there any accelerated MBA programs in Canada for working professionals? Ideally online and at my own pace. List them and compare them.,https://bestonlinecourses.ca/our-services-3-2,LISTICLE,Colleges - Best Online Courses,1,0
"Are there any affordable MBA programs in BC? Anything under $30,000. Then compare their benefits and negatives and suggest the best one.",https://study.ucanwest.ca/mba/int/remarketing-425,PRODUCT_PAGE,Master of Business Administration | University Canada West,2,0
"Are there any affordable MBA programs in BC? Anything under $30,000. Then compare their benefits and negatives and suggest the best one.",https://study.ucanwest.ca/mba/us/all-625,PRODUCT_PAGE,Master of Business Administration | University Canada West,2,0
"Are there any affordable MBA programs in BC? Anything under $30,000. Then compare their benefits and negatives and suggest the best one.",https://studyoverseascanada.com/blog/mba-at-university-of-northern-british-columbia,PRODUCT_PAGE,MBA at University of Northern British Columbia: Apply Now!,2,1
"Are there any affordable MBA programs in BC? Anything under $30,000. Then compare their benefits and negatives and suggest the best one.",https://vancouver.mba/ubc-sauder-mba-vancouver,PROFILE,UBC Sauder MBA program in Vancouver - Vancouver MBA,2,1
"Are there any affordable MBA programs in BC? Anything under $30,000. Then compare their benefits and negatives and suggest the best one.",https://aeccglobal.com/advice/low-cost-mba-in-canada,LISTICLE,International Study Overseas Education Consultants,2,0.5
"Are there any affordable MBA programs in BC? Anything under $30,000. Then compare their benefits and negatives and suggest the best one.",https://coursecompare.ca/courses/school/university-canada-west/subject/mba,PROFILE,"University Canada West (UCW) MBA (Master of Business Administration) - Reviews, Tuition & Start Dates | CourseCompare.ca",2,0
"Are there any affordable MBA programs in BC? Anything under $30,000. Then compare their benefits and negatives and suggest the best one.",https://reddit.com/r/MBA/comments/13prfyv/i_have_an_mba_from_a_crappy_online_university_it,DISCUSSION,"I have an MBA from a crappy online university. It cost me almost nothing, but is also worth almost nothing. What's the best way I can put it to use?",2,0
"Are there any affordable MBA programs in BC? Anything under $30,000. Then compare their benefits and negatives and suggest the best one.",https://reddit.com/r/MBA/comments/1m5nqlh/best_of_the_affordable_35k_mba_programs_in_canada,DISCUSSION,Best of the Affordable (&lt;$35K) MBA Programs in Canada,2,0
"Are there any affordable MBA programs in BC? Anything under $30,000. Then compare their benefits and negatives and suggest the best one.",https://sfu.ca/beedie/programs/graduate/flexible-mba.html,PRODUCT_PAGE,Flexible MBA - SFU Beedie School of Business - Simon Fraser University,2,1
"Are there any affordable MBA programs in BC? Anything under $30,000. Then compare their benefits and negatives and suggest the best one.",https://sfu.ca/beedie/programs/graduate/flexible-mba/overview,PRODUCT_PAGE,Flexible MBA,2,1
"Are there any affordable MBA programs in Canada? Anything under $30,000. Then compare their benefits and negatives and suggest the best one.",https://canadian-universities.net/MBA/MBA_Tuition_International.html,CATEGORY_PAGE,Canadian MBA Tuition Fees for International Students,2,0.5
"Are there any affordable MBA programs in Canada? Anything under $30,000. Then compare their benefits and negatives and suggest the best one.",https://coursecompare.ca/best-business-schools-in-canada,LISTICLE,Best Business Schools in Canada of 2026 | CourseCompare.ca,2,0
"Are there any affordable MBA programs in Canada? Anything under $30,000. Then compare their benefits and negatives and suggest the best one.",https://coursecompare.ca/courses/st-catharines/brock-university/goodman-mba,PROFILE,Brock University St. Catharines - Full-Time Goodman MBA | CourseCompare.ca,2,0
"Are there any affordable MBA programs in Canada? Anything under $30,000. Then compare their benefits and negatives and suggest the best one.",https://coursecompare.ca/part-time-mba,LISTICLE,Best Flexible Part-time MBAs of 2026 | CourseCompare.ca,2,0
"Are there any affordable MBA programs in Canada? Anything under $30,000. Then compare their benefits and negatives and suggest the best one.",https://mcgill.ca/desautels/programs/mba-programs/mba/admissions/tuition,PRODUCT_PAGE,McGill MBA Full-Time tuition and financial aid,2,0
"Are there any affordable MBA programs in Canada? Anything under $30,000. Then compare their benefits and negatives and suggest the best one.",https://mcgill.ca/desautels/programs/mba/admissions/tuition,DISCUSSION,McGill MBA Full-Time tuition and financial aid,2,1
"Are there any affordable MBA programs in Canada? Anything under $30,000. Then compare their benefits and negatives and suggest the best one.",https://mim-essay.com/mba-in-canada-cost,ARTICLE,"MBA in Canada Cost: Tuition, Living, and ROI Explained",2,0
"Are there any affordable MBA programs in Canada? Anything under $30,000. Then compare their benefits and negatives and suggest the best one.",https://quora.com/How-much-is-the-tuition-in-HEC-Montr%C3%A9al-And-what-are-the-payment-options,OTHER,null,2,0
"Are there any affordable MBA programs in Canada? Anything under $30,000. Then compare their benefits and negatives and suggest the best one.",https://reddit.com/r/StudyAborddelhi/comments/1s19doc/top_mba_universities_in_canada_with_fee_structure,DISCUSSION,🇨🇦 Top MBA Universities in Canada with Fee Structure (2026),2,2
"Are there any affordable MBA programs in Canada? Anything under $30,000. Then compare their benefits and negatives and suggest the best one.",https://sfu.ca/beedie/programs/graduate/full-time-mba/cost-financing.html,PRODUCT_PAGE,Cost & Financing,2,0
"Are there any good masters in education programs in BC? Anything under $30,000. Then compare their benefits and negatives and suggest the best one.",https://reddit.com/r/CanadianTeachers/comments/1m5lbcy/looking_for_recommendations_on_online_master_of,DISCUSSION,Looking for recommendations on online Master of Education programs in Canada,2,1
"Are there any good masters in education programs in BC? Anything under $30,000. Then compare their benefits and negatives and suggest the best one.",https://sfu.ca/content/sfu/students/calendar/2014/fall/fees-and-regulations/tuition-fees/graduate.html/1000,OTHER,Graduate Tuition Fees,2,0
"Are there any good masters in education programs in BC? Anything under $30,000. Then compare their benefits and negatives and suggest the best one.",https://sfu.ca/education/programs/graduate-studies/masters/el-indig-resurgence/application-tuition.html,CATEGORY_PAGE,Application & Tuition,2,0
"Are there any good masters in education programs in BC? Anything under $30,000. Then compare their benefits and negatives and suggest the best one.",https://sfu.ca/students/calendar/fees-and-regulations/tuition-fees/graduate.html,CATEGORY_PAGE,Graduate Tuition Fees - Summer Calendar - Simon Fraser University,2,0
"Are there any good masters in education programs in BC? Anything under $30,000. Then compare their benefits and negatives and suggest the best one.",https://tru.ca/edsw/schools-and-departments/education/master-education/tuition.html,OTHER,Tuition: Master of Educaiton: Thompson Rivers University,2,3
"Are there any good masters in education programs in BC? Anything under $30,000. Then compare their benefits and negatives and suggest the best one.",https://uvic.ca/education/curriculum/graduate/home/grad-resources/index.php,CATEGORY_PAGE,Grad student resources - University of Victoria,2,0
"Are there any good masters in education programs in BC? Anything under $30,000. Then compare their benefits and negatives and suggest the best one.",https://uvic.ca/graduate/finances/tuition-costs/index.php,HOW_TO_GUIDE,Tuition & costs  - Grad admissions - University of Victoria,2,0
"Are there any good masters in education programs in BC? Anything under $30,000. Then compare their benefits and negatives and suggest the best one.",https://viu.ca/programs/education/master-education-special-education,PRODUCT_PAGE,Master of Education in Special Education | Vancouver Island University,2,0
"Are there any good masters in education programs in BC? Anything under $30,000. Then compare their benefits and negatives and suggest the best one.",https://studynorthbc.ca/planning-your-future,OTHER,View the Program Tracks available at North BC colleges,1,0
"Are there any good masters in education programs in BC? Anything under $30,000. Then compare their benefits and negatives and suggest the best one.",https://canadiansim.com/blogs/canada-universities-masters,ARTICLE,"Masters In Canada For International Students – Top Universities, Courses, Cost & Jobs (2025)",1,0
"Are there any good masters in education programs in Canada? Anything under $30,000. Then compare their benefits and negatives and suggest the best one.",https://future.utoronto.ca/professional-and-graduate-programs,CATEGORY_PAGE,Professional Graduate Programs,2,0
"Are there any good masters in education programs in Canada? Anything under $30,000. Then compare their benefits and negatives and suggest the best one.",https://getgis.org/blog/master-of-education-in-canada,LISTICLE,Study Masters of Education in Canada in 2026,2,0
"Are there any good masters in education programs in Canada? Anything under $30,000. Then compare their benefits and negatives and suggest the best one.",https://opl.educ.ubc.ca/med-literacy,PRODUCT_PAGE,Master of Education in Literacy Education,2,0
"Are there any good masters in education programs in Canada? Anything under $30,000. Then compare their benefits and negatives and suggest the best one.",https://opl.educ.ubc.ca/med_tesl,HOMEPAGE,UBC MEd in Teaching English as a Second Language (TESL),2,0
"Are there any good masters in education programs in Canada? Anything under $30,000. Then compare their benefits and negatives and suggest the best one.",https://athabascau.ca/calendar/graduate/fhss/master-of-education-in-open-digital-and-distance-education.html,PRODUCT_PAGE,Athabasca University,2,0
"Are there any good masters in education programs in Canada? Anything under $30,000. Then compare their benefits and negatives and suggest the best one.",https://educations.com/masters-degrees/education/canada,CATEGORY_PAGE,"32 Skills, Education and Professional Development Masters Degree Programs in Canada - Study Abroad | educations.com",2,0.5
"Are there any good masters in education programs in Canada? Anything under $30,000. Then compare their benefits and negatives and suggest the best one.",https://grad.ubc.ca/prospective-students/graduate-degree-programs/master-of-education-higher-education,CATEGORY_PAGE,Master of Education in Higher Education (MEd),2,0
"Are there any good masters in education programs in Canada? Anything under $30,000. Then compare their benefits and negatives and suggest the best one.",https://idp.com/canada/blog/benefits-of-doing-masters-in-canada,LISTICLE,"10 Benefits of Doing a Master's in Canada: Costs, Best Universities, and More",2,0
"Are there any good masters in education programs in Canada? Anything under $30,000. Then compare their benefits and negatives and suggest the best one.",https://mastersportal.com/search/master/affordable/canada,CATEGORY_PAGE,203 Affordable Master's degrees in Canada | Mastersportal,2,0
"Are there any good masters in education programs in Canada? Anything under $30,000. Then compare their benefits and negatives and suggest the best one.",https://mun.ca/become/graduate/programs-and-courses/education,OTHER,Education | Become a Graduate Student,2,2
"Are there any good masters in education programs in Ontario? Anything under $30,000. Then compare their benefits and negatives and suggest the best one.",https://quora.com/In-Canada-is-it-better-to-go-to-teachers-college-or-get-a-Masters-in-Education,OTHER,null,2,0
"Are there any good masters in education programs in Ontario? Anything under $30,000. Then compare their benefits and negatives and suggest the best one.",https://reddit.com/r/CanadianTeachers/comments/1m5lbcy/looking_for_recommendations_on_online_master_of,DISCUSSION,Looking for recommendations on online Master of Education programs in Canada,2,1
"Are there any good masters in education programs in Ontario? Anything under $30,000. Then compare their benefits and negatives and suggest the best one.",https://reddit.com/r/OntarioTeachers/comments/1g89ote,DISCUSSION,"pros and cons for oise, queens concurrent and york",2,2
"Are there any good masters in education programs in Ontario? Anything under $30,000. Then compare their benefits and negatives and suggest the best one.",https://timeshighereducation.com/student/best-universities/best-universities-canada-education-degrees,LISTICLE,Best universities in Canada for education studies 2026,2,0
"Are there any good masters in education programs in Ontario? Anything under $30,000. Then compare their benefits and negatives and suggest the best one.",https://uottawa.ca/faculty-education/graduate-studies/masters,PRODUCT_PAGE,Master's | Faculty of Education,2,0.5
"Are there any good masters in education programs in Ontario? Anything under $30,000. Then compare their benefits and negatives and suggest the best one.",https://wlu.ca/programs/education/graduate/education-med/index.html,PRODUCT_PAGE,Education (MEd),2,2.5
"Are there any good masters in education programs in Ontario? Anything under $30,000. Then compare their benefits and negatives and suggest the best one.",https://acquiadev.nipissingu.ca/academics/school-graduate-studies/master-education/program-information/program-requirements,OTHER,null,1,0
"Are there any good masters in education programs in Ontario? Anything under $30,000. Then compare their benefits and negatives and suggest the best one.",https://brocku.ca/safa/2021-2022-graduate-tuition-fees,PRODUCT_PAGE,2021-2022 Graduate Tuition Fees – Student Accounts & Financial Aid,1,0
"Are there any good masters in education programs in Ontario? Anything under $30,000. Then compare their benefits and negatives and suggest the best one.",https://brocku.ca/safa/2025-graduate-tuition-and-fees,OTHER,2025 Graduate Tuition and Fees – Student Accounts & Financial Aid,1,2
"Are there any good masters in education programs in Ontario? Anything under $30,000. Then compare their benefits and negatives and suggest the best one.",https://catalogue.uottawa.ca/en/graduate/master-education-concentration-studies-teaching-learning,PRODUCT_PAGE,Master of Education (Studies in Teaching and Learning) < uOttawa,1,1
"Can you describe the role of an MBA in my business career, then offer the best online MBA degrees I could take that are available Canada-wide?",https://ufred.ca/mba?units=fs,PRODUCT_PAGE,Online MBA Canada | UFred,2,0
"Can you describe the role of an MBA in my business career, then offer the best online MBA degrees I could take that are available Canada-wide?",https://accesseventsonline.com/program/queens-university-smith-school-of-business/19746,PRODUCT_PAGE,Global Online MBA — Smith School Of Business - Queens University,2,0
"Can you describe the role of an MBA in my business career, then offer the best online MBA degrees I could take that are available Canada-wide?",https://coursecompare.ca/part-time-mba,LISTICLE,Best Flexible Part-time MBAs of 2026 | CourseCompare.ca,2,0.5
"Can you describe the role of an MBA in my business career, then offer the best online MBA degrees I could take that are available Canada-wide?",https://future.uwindsor.ca/program/business-administration-managers-professionals-mba,PRODUCT_PAGE,"Master of Business Administration - Managers & Professionals, MBA - University of Windsor",2,2
"Can you describe the role of an MBA in my business career, then offer the best online MBA degrees I could take that are available Canada-wide?",https://ivey.uwo.ca/mba-direct,CATEGORY_PAGE,Ivey's MBA Direct Program,2,0
"Can you describe the role of an MBA in my business career, then offer the best online MBA degrees I could take that are available Canada-wide?",https://maufl.edu/en/news-and-events/macaws-blog/what-is-an-mba-definition-benefits-and-career-impact,ARTICLE,"What is an MBA? Definition, Benefits, and Career Impact",2,0
"Can you describe the role of an MBA in my business career, then offer the best online MBA degrees I could take that are available Canada-wide?",https://mba.today/programs/canada/online,LISTICLE,Best Online MBA programs in Canada 2026,2,0.5
"Can you describe the role of an MBA in my business career, then offer the best online MBA degrees I could take that are available Canada-wide?",https://sfu.ca/beedie/programs/graduate/flexible-mba/career-advantage.html,PRODUCT_PAGE,Career Advantage - SFU Beedie School of Business - Simon Fraser University,2,1
"Can you describe the role of an MBA in my business career, then offer the best online MBA degrees I could take that are available Canada-wide?",https://ucanwest.ca/blog/education-careers-tips/mba-degree-a-gateway-to-global-business-success-stories,PRODUCT_PAGE,MBA Degree: A gateway to global business success stories,2,0
"Can you describe the role of an MBA in my business career, then offer the best online MBA degrees I could take that are available Canada-wide?",https://careerprotocol.com/what-is-mba-for,COMPARISON,What is an MBA for and is your FOMO justified?,1,0
"Can you list the key prerequisites of a Canada BBA program, make sure to mention the schools as you list them.",https://tru.ca/gaglardi/degrees/bba/admission-requirements.html,PRODUCT_PAGE,Bachelor of Business Administration Requirements,3,0.6666666666666666
"Can you list the key prerequisites of a Canada BBA program, make sure to mention the schools as you list them.",https://upgrad.com/study-abroad/articles/study-bba-in-canada-after-12th,OTHER,"BBA in Canada after 12th: Best BBA Courses, Colleges & Jobs for 2026",3,0
"Can you list the key prerequisites of a Canada BBA program, make sure to mention the schools as you list them.",https://youthfully.com/queens-commerce-guide,OTHER,Queen's Commerce: The Definitive Guide for Applicants (2023),3,1.6666666666666667
"Can you list the key prerequisites of a Canada BBA program, make sure to mention the schools as you list them.",https://artsci.calendar.utoronto.ca/section/Rotman-Commerce,PROFILE,Rotman Commerce | Academic Calendar,2,0
"Can you list the key prerequisites of a Canada BBA program, make sure to mention the schools as you list them.",https://dwww.ouinfo.ca/programs/194,PROFILE,Rotman Commerce – OUInfo,2,1.5
"Can you list the key prerequisites of a Canada BBA program, make sure to mention the schools as you list them.",https://future.utoronto.ca/requirements-canadian-high-schools,ARTICLE,Requirements Canadian High Schools | Future Students. University of Toronto,2,0
"Can you list the key prerequisites of a Canada BBA program, make sure to mention the schools as you list them.",https://futurestudents.yorku.ca/requirements,CATEGORY_PAGE,Admission Requirements \| Future Students \| York University,2,0
"Can you list the key prerequisites of a Canada BBA program, make sure to mention the schools as you list them.",https://macleans.ca/education/best-programs/business,LISTICLE,Business - Macleans.ca,2,1
"Can you list the key prerequisites of a Canada BBA program, make sure to mention the schools as you list them.",https://org-www.sauder.ubc.ca/programs/bachelors-degrees/bachelor-commerce/program-admission,HOW_TO_GUIDE,Program admission - BCom | UBC Sauder School of Business,2,0
"Can you list the key prerequisites of a Canada BBA program, make sure to mention the schools as you list them.",https://allthingsmathematics.com/p/schulichbbaadmissionrequirements,ARTICLE,Schulich Business (BBA) Program Admission Requirements,2,0
Can you recommend me some online master programs for teachers in Canada?,https://crandallu.ca/program/education/master-of-education,PRODUCT_PAGE,Master of Education – Crandall University,2,1
Can you recommend me some online master programs for teachers in Canada?,https://grad.ubc.ca/prospective-students/graduate-degree-programs/master-of-educational-technology,PRODUCT_PAGE,Master of Educational Technology (MET),2,2
Can you recommend me some online master programs for teachers in Canada?,https://reddit.com/r/CanadianTeachers/comments/1pq6bap/easiest_asynchronous_med_program,DISCUSSION,Easiest Asynchronous M.Ed Program?,2,0.5
Can you recommend me some online master programs for teachers in Canada?,https://reddit.com/r/CanadianTeachers/comments/1svq48f/masters_recommendations_canada,DISCUSSION,Masters Recommendations - Canada,2,0
Can you recommend me some online master programs for teachers in Canada?,https://reddit.com/r/CanadianTeachers/comments/lcsu5i/canadian_teachers_where_did_you_get_your_masters,DISCUSSION,"Canadian teachers, where did you get your masters degree online while at work? What would you recommend? A few questions from a Canadian teacher! West coast based",2,0
Can you recommend me some online master programs for teachers in Canada?,https://tru.ca/distance/programs/master-of-education,OTHER,null,2,0
Can you recommend me some online master programs for teachers in Canada?,https://uottawa.ca/faculty-education/graduate-studies/masters,PRODUCT_PAGE,Master's | Faculty of Education,2,2
Can you recommend me some online master programs for teachers in Canada?,https://viu.ca/programs/education/master-education-special-education,PRODUCT_PAGE,Master of Education in Special Education | Vancouver Island University,2,2
Can you recommend me some online master programs for teachers in Canada?,https://ca.indeed.com/career-advice/career-development/online-masters-programs-canada,LISTICLE,10 Online Master's Programs in Canada (Benefits and FAQ) \| Indeed.com Canada,1,0
Can you recommend me some online master programs for teachers in Canada?,https://educ.ubc.ca/category/program/page/4,OTHER,Program Archives – Page 4 of 16 – Faculty of Education,1,3
"Compare Athabasca U and Yorkville University BBA programs, then recommend me one.",https://instagram.com/p/DNKyjLEuQde,DISCUSSION,null,3,0
"Compare Athabasca U and Yorkville University BBA programs, then recommend me one.",https://yorkvilleu.ca/programs/bachelor-of-business-administration-oncampus/accounting,CATEGORY_PAGE,BBA Accounting Degree | Bachelor of Business Administration | Yorkville University,3,0
"Compare Athabasca U and Yorkville University BBA programs, then recommend me one.",https://yorkvilleu.ca/programs/bachelor-of-business-administration-oncampus/supply-chain-management,PRODUCT_PAGE,BBA Supply Chain Degree | Bachelor Business | Yorkville University,3,0
"Compare Athabasca U and Yorkville University BBA programs, then recommend me one.",https://alis.alberta.ca/occinfo/post-secondary-programs/bachelor-of-arts-3-yr/athabasca-university/495f5011-3393-449f-99ee-a12700c5f314,PROFILE,Bachelor of Arts 3 Yr in General - Athabasca University: Post-Secondary Programs in Alberta - alis,2,1
"Compare Athabasca U and Yorkville University BBA programs, then recommend me one.",https://alis.alberta.ca/occinfo/post-secondary-programs/bachelor-of-management-3-yr/athabasca-university/03e4718a-a9ec-4bb2-a28e-a12700c5f332,PROFILE,Bachelor of Management 3 Yr in General - Athabasca University: Post-Secondary Programs in Alberta - alis,2,1.5
"Compare Athabasca U and Yorkville University BBA programs, then recommend me one.",https://ask.shiksha.com/which-is-better-athabasca-university-or-yorkville-university-qna-9135975,DISCUSSION,Which is better: Athabasca University or Yorkville University? | Shiksha.com QAPage,2,0
"Compare Athabasca U and Yorkville University BBA programs, then recommend me one.",https://collegedunia.com/canada/university/330-yorkville-university-fredericton/bachelor-of-business-administration-bba-198415,PROFILE,"yorkville university bba: Fees, Living Costs, Test Scores, Visa Process, Work during Study, Entry Requirements.",2,0
"Compare Athabasca U and Yorkville University BBA programs, then recommend me one.",https://lp.yorkvilleu.ca/BBA-PM.html,HOMEPAGE,Yorkville University,2,0
"Compare Athabasca U and Yorkville University BBA programs, then recommend me one.",https://staging.yorkvilleu.ca/programs/bachelor-of-business-administration-online/energy-management,CATEGORY_PAGE,Online Energy Management Degree - BBA | Yorkville University,2,0
"Compare Athabasca U and Yorkville University BBA programs, then recommend me one.",https://tradezy.digital,HOMEPAGE,100% online Bachelor of Business Administration | Yorkville University,2,0
"Compare the MACP programs from Yorkville University vs. University of Toronto and list the benefits and drawbacks of both programs, then recommend me one.",https://mscac.utoronto.ca/prospective-students,COMPARISON,Prospective MScAC Students | University of Toronto,3,0
"Compare the MACP programs from Yorkville University vs. University of Toronto and list the benefits and drawbacks of both programs, then recommend me one.",https://oise.academic-guide.utoronto.ca/counselling-psychology-edd-field-counselling-and-psychotherapy,PRODUCT_PAGE,Counselling Psychology EdD; Field: Counselling and Psychotherapy,3,0
"Compare the MACP programs from Yorkville University vs. University of Toronto and list the benefits and drawbacks of both programs, then recommend me one.",https://practicum.yorkvilleu.ca/site-application,PROFILE,Site Application – MACP Practicum Portal,3,0
"Compare the MACP programs from Yorkville University vs. University of Toronto and list the benefits and drawbacks of both programs, then recommend me one.",https://practicum.yorkvilleu.ca/students/practicum-application,HOW_TO_GUIDE,Practicum Application – MACP Practicum Portal,3,0
"Compare the MACP programs from Yorkville University vs. University of Toronto and list the benefits and drawbacks of both programs, then recommend me one.",https://eluta.ca/spl/sessional-faculty-master-of-arts-in-counselling-psychology-29bf11269433b5deb3388bcfb7b4d6db,OTHER,null,3,0
"Compare the MACP programs from Yorkville University vs. University of Toronto and list the benefits and drawbacks of both programs, then recommend me one.",https://mastersportal.com/studies/360999/counselling-psychology.html,CATEGORY_PAGE,Counselling Psychology M.A. at Yorkville University \| Mastersportal,3,0
"Compare the MACP programs from Yorkville University vs. University of Toronto and list the benefits and drawbacks of both programs, then recommend me one.",https://quora.com/Has-anyone-completed-a-Master-s-of-Counselling-at-Yorkville-University,OTHER,null,3,0
"Compare the MACP programs from Yorkville University vs. University of Toronto and list the benefits and drawbacks of both programs, then recommend me one.",https://reddit.com/r/CanadaUniversities/comments/1asu1ha/my_experience_with_yorkville_university,DISCUSSION,My Experience with Yorkville University ,3,0
"Compare the MACP programs from Yorkville University vs. University of Toronto and list the benefits and drawbacks of both programs, then recommend me one.",https://reddit.com/r/YorkvilleUniversity/comments/1ohtuhi/can_we_talk_about_whats_happening_with_yorkvilles,DISCUSSION,Can we talk about what’s happening with Yorkville’s MACP program? The ethics of education are slipping.,3,2
"Compare the MACP programs from Yorkville University vs. University of Toronto and list the benefits and drawbacks of both programs, then recommend me one.",https://reddit.com/r/YorkvilleUniversity/comments/1rqhig9/my_honest_review_of_yorkville_macp,DISCUSSION,My Honest Review Of Yorkville MACP,3,1
"Describe the benefits of an online BBA degree, then suggest and compare the best BBA degrees in BC",https://yorkvilleu.ca/programs/bachelor-of-business-administration-online/project-management,PRODUCT_PAGE,Online Project Management Program - BBA | Yorkville University,3,0
"Describe the benefits of an online BBA degree, then suggest and compare the best BBA degrees in BC",https://lp.yorkvilleu.ca/BBA-SEM-CPA.html?program=Bachelor+of+Business+Administration&mg=Search+Engine+Marketing&msg=,OTHER,Yorkville University,2,0.5
"Describe the benefits of an online BBA degree, then suggest and compare the best BBA degrees in BC",https://edglobalacademy.com/benefits-of-earning-an-online-bachelor-of-business-administration-degree,PRODUCT_PAGE,Online Bachelor of Business Administration Degree: Benefiets,2,0
"Describe the benefits of an online BBA degree, then suggest and compare the best BBA degrees in BC",https://n8n.bitcamp.ge/blog/online-bba-degrees-in-canada-your-complete-guide-1767647009,OTHER,null,2,0
"Describe the benefits of an online BBA degree, then suggest and compare the best BBA degrees in BC",https://educations.com/bba/canada/british-columbia/vancouver/distance-learning,CATEGORY_PAGE,3 Online BBA Degree Programs in Vancouver British Columbia Canada - Study Abroad | educations.com,2,0
"Describe the benefits of an online BBA degree, then suggest and compare the best BBA degrees in BC",https://linkedin.com/pulse/many-benefits-online-bba-education-education-mitra-sxzvc,OTHER,The Many Benefits of Online BBA Education,2,0
"Describe the benefits of an online BBA degree, then suggest and compare the best BBA degrees in BC",https://pw.live/online-degree/exams/benefits-of-online-bba-course,OTHER,"Benefits of Online BBA Courses, Future Scope and Popular Colleges",2,3
"Describe the benefits of an online BBA degree, then suggest and compare the best BBA degrees in BC",https://royalroads.ca/programs/bba?page=0,OTHER,null,2,0
"Describe the benefits of an online BBA degree, then suggest and compare the best BBA degrees in BC",https://royalroads.ca/programs/bba?page=2,OTHER,null,2,0
"Describe the benefits of an online BBA degree, then suggest and compare the best BBA degrees in BC",https://tru.ca/gaglardi/degrees/bba.html,PRODUCT_PAGE,Business Administration (BBA) | TRU Gaglardi School of Business and Economics,2,1.5
Explain to me the benefits of an M.Ed degree in Canada and suggest a few affordable and potentially online M.Ed degrees in Canada.,https://unb.ca/fredericton/education/grad/med/index.html,PRODUCT_PAGE,MEd | Graduate Programs | Faculty of Education | UNB,3,0.6666666666666666
Explain to me the benefits of an M.Ed degree in Canada and suggest a few affordable and potentially online M.Ed degrees in Canada.,https://yorku.ca/edu/academic-programs/master-of-education,PRODUCT_PAGE,Master of Education (MEd) | Faculty of Education,3,0
Explain to me the benefits of an M.Ed degree in Canada and suggest a few affordable and potentially online M.Ed degrees in Canada.,https://yorkvilleu.ca/programs/master-of-education-in-curriculum-and-pedagogy,PRODUCT_PAGE,Master of Education in Curriculum and Pedagogy | Yorkville University,3,0
Explain to me the benefits of an M.Ed degree in Canada and suggest a few affordable and potentially online M.Ed degrees in Canada.,https://amberstudent.com/blog/post/best-masters-degree-in-canada,LISTICLE,"Master's Degree In Canada: Top Colleges, Fees & Eligibility In 2026",2,0
Explain to me the benefits of an M.Ed degree in Canada and suggest a few affordable and potentially online M.Ed degrees in Canada.,https://earlychildhood.educ.ubc.ca/online-med,PRODUCT_PAGE,Master of Education - Early Childhood Education Program,2,1
Explain to me the benefits of an M.Ed degree in Canada and suggest a few affordable and potentially online M.Ed degrees in Canada.,https://educ.queensu.ca/graduate/on-campus/masters,PRODUCT_PAGE,Master of Education (MEd) | Faculty of Education,2,0
Explain to me the benefits of an M.Ed degree in Canada and suggest a few affordable and potentially online M.Ed degrees in Canada.,https://opl.educ.ubc.ca/med-literacy,PRODUCT_PAGE,Master of Education in Literacy Education,2,0
Explain to me the benefits of an M.Ed degree in Canada and suggest a few affordable and potentially online M.Ed degrees in Canada.,https://opl.educ.ubc.ca/med_tesl,HOMEPAGE,UBC MEd in Teaching English as a Second Language (TESL),2,1
Explain to me the benefits of an M.Ed degree in Canada and suggest a few affordable and potentially online M.Ed degrees in Canada.,https://umtoday.ca/stories/expanding-access-and-opportunity-um-education-online-delivery-med-language-and-literacy,ARTICLE,Expanding Access and Opportunity: UM Education Online Delivery for M.Ed. in Language and Literacy,2,1
Explain to me the benefits of an M.Ed degree in Canada and suggest a few affordable and potentially online M.Ed degrees in Canada.,https://bestchoiceschools.com/lists/5-advantages-to-obtaining-your-m-ed-online,LISTICLE,5 Advantages to Obtaining Your M.Ed. Online - Best Choice Schools,2,0
"How can I become a therapist in Canada? I want to know the schools to go to, how long the programs are, and what my job prospects are when I'm done the program.",https://ccpa-accp.ca/profession-and-regulation,CATEGORY_PAGE,The Profession & Regulation - Canadian Counselling and Psychotherapy Association,2,1
"How can I become a therapist in Canada? I want to know the schools to go to, how long the programs are, and what my job prospects are when I'm done the program.",https://firstsession.com/resources/types-of-therapists-psychotherapist-licensing-education-canada,ARTICLE,How to Become a Psychotherapist in Canada [Province Specific],2,0
"How can I become a therapist in Canada? I want to know the schools to go to, how long the programs are, and what my job prospects are when I'm done the program.",https://jobbank.gc.ca/marketreport/outlook-occupation/2234/QC;jsessionid=92F76BFDCBF0C89906EF12A6ED08AA1F.jobsearch75,PROFILE,Psychotherapist in Québec | Job prospects - Job Bank,2,4
"How can I become a therapist in Canada? I want to know the schools to go to, how long the programs are, and what my job prospects are when I'm done the program.",https://jobbank.gc.ca/marketreport/requirements/2271/ca%3Bjsessionid%3D15568DA5D223E65AFA71D5909F8F404A.jobsearch76,PRODUCT_PAGE,Registered Clinical Counsellor in Canada | Job requirements - Job Bank,2,0
"How can I become a therapist in Canada? I want to know the schools to go to, how long the programs are, and what my job prospects are when I'm done the program.",https://mun.ca/educ/programs/graduate-programs/master/counselling-psychology,PRODUCT_PAGE,Master of Education (Counselling Psychology) | Faculty of Education,2,0
"How can I become a therapist in Canada? I want to know the schools to go to, how long the programs are, and what my job prospects are when I'm done the program.",https://ns.jobbank.gc.ca/marketreport/requirements/2234/ca;jsessionid=12EA342F87615EB5BB1985CBDCE0FADC.jobsearch77,PRODUCT_PAGE,Psychotherapist in Canada | Job requirements - Job Bank,2,0.5
"How can I become a therapist in Canada? I want to know the schools to go to, how long the programs are, and what my job prospects are when I'm done the program.",https://nu.jobbank.gc.ca/marketreport/requirements/2271/ca%3Bjsessionid%3D2B83BB81EF7822FDDE357CAE06BE400E.jobsearch77,PRODUCT_PAGE,Registered Clinical Counsellor in Canada | Job requirements - Job Bank,2,0
"How can I become a therapist in Canada? I want to know the schools to go to, how long the programs are, and what my job prospects are when I'm done the program.",https://nu.jobbank.gc.ca/marketreport/summary-occupation/296690/ca,PROFILE,Counselling Therapist in Canada | Labour Market Facts and Figures - Job Bank,2,2
"How can I become a therapist in Canada? I want to know the schools to go to, how long the programs are, and what my job prospects are when I'm done the program.",https://on.jobbank.gc.ca/marketreport/requirements/2234/ON%3Bjsessionid%3DB1D47A632CFD0AEE8EDFF7FFF04E6FCC.jobsearch76?wbdisable=true,OTHER,Psychotherapist in Ontario | Job requirements - Job Bank,2,0
"How can I become a therapist in Canada? I want to know the schools to go to, how long the programs are, and what my job prospects are when I'm done the program.",https://reddit.com/r/ontario/comments/tj02y1/becoming_a_therapist_in_ontario_how_did_you_do_it,DISCUSSION,Becoming a therapist in Ontario - how did you do it?,2,0
I am a full-time highschool teacher and I want to become a principal at my school after the current principal leaves in a few years. Where can I get a masters degree to help me get this job in the meantime? I live in Canada,https://jobbank.gc.ca/marketreport/requirements/1736/ca,PRODUCT_PAGE,Secondary School Principal in Canada | Job requirements - Job Bank,2,1
I am a full-time highschool teacher and I want to become a principal at my school after the current principal leaves in a few years. Where can I get a masters degree to help me get this job in the meantime? I live in Canada,https://principals.ca/en/professional-learning/masters-dimension-md.aspx,PRODUCT_PAGE,null,2,1
I am a full-time highschool teacher and I want to become a principal at my school after the current principal leaves in a few years. Where can I get a masters degree to help me get this job in the meantime? I live in Canada,https://principals.ca/en/professional-learning/principals-qualification-program-pqp.aspx,PRODUCT_PAGE,Principal's Qualification Program (PQP),2,0
I am a full-time highschool teacher and I want to become a principal at my school after the current principal leaves in a few years. Where can I get a masters degree to help me get this job in the meantime? I live in Canada,https://reddit.com/r/Principals/comments/1myzavh/i_am_entering_my_first_year_as_a_teacher_but_i,DISCUSSION,"I am entering my first year as a teacher, but I want to eventually get into administration. What is the best path for that?",2,0
I am a full-time highschool teacher and I want to become a principal at my school after the current principal leaves in a few years. Where can I get a masters degree to help me get this job in the meantime? I live in Canada,https://superprof.ca/blog/jobs-for-teachers-leaving-teaching,LISTICLE,Second Careers for Teachers,2,0
I am a full-time highschool teacher and I want to become a principal at my school after the current principal leaves in a few years. Where can I get a masters degree to help me get this job in the meantime? I live in Canada,https://ualberta.ca/en/education/professional-learning/continuing-professional-learning/alberta-principal-certification.html,OTHER,Alberta Leadership Certification | Faculty of Education,2,1.5
I am a full-time highschool teacher and I want to become a principal at my school after the current principal leaves in a few years. Where can I get a masters degree to help me get this job in the meantime? I live in Canada,https://unb.ca/fredericton/education/grad/med/administration.html,PRODUCT_PAGE,Admin and Leadership | MEd | Graduate Programs | Faculty of Education,2,1.5
I am a full-time highschool teacher and I want to become a principal at my school after the current principal leaves in a few years. Where can I get a masters degree to help me get this job in the meantime? I live in Canada,https://yorkvilleu.ca/programs/med-in-educational-leadership/leadership-in-learning,PRODUCT_PAGE,MEd Online Degree | Educational Leadership specializing in Leadership in Learning | Yorkville University,2,0
I am a full-time highschool teacher and I want to become a principal at my school after the current principal leaves in a few years. Where can I get a masters degree to help me get this job in the meantime? I live in Canada,https://cityuniversity.ca/masterofeducationinleadership,PRODUCT_PAGE,"Change to: Master of Education – Education in Leadership - Calgary, Alberta & Online - CityU in Canada",1,1
I am a full-time highschool teacher and I want to become a principal at my school after the current principal leaves in a few years. Where can I get a masters degree to help me get this job in the meantime? I live in Canada,https://cplsand.oise.utoronto.ca/program_certificate/principals-qualification-program,OTHER,null,1,0
"I have $50,000 to spend on an education to earn a doctorate in counselling so I can advance my therapist career. This would have to be supplemented by government student loans. Where should I spend it?",https://phdportal.com/study-options/269353299/counselling-psychology-canada.html,CATEGORY_PAGE,Counselling Psychology in Canada: 2026 PhD's Guide \| PhDportal,2,0
"I have $50,000 to spend on an education to earn a doctorate in counselling so I can advance my therapist career. This would have to be supplemented by government student loans. Where should I spend it?",https://psychology.org/resources/psyd-without-grad-plus-loans,COMPARISON,Can You Still Afford A Psy.D. Without Grad PLUS Loans? | Psychology.org,2,0
"I have $50,000 to spend on an education to earn a doctorate in counselling so I can advance my therapist career. This would have to be supplemented by government student loans. Where should I spend it?",https://psychologytoday.com/ca/blog/acquainted-the-night/202103/can-you-afford-go-graduate-school,ARTICLE,Taking on student loan debt is serious business.,2,0
"I have $50,000 to spend on an education to earn a doctorate in counselling so I can advance my therapist career. This would have to be supplemented by government student loans. Where should I spend it?",https://quora.com/I-want-to-do-a-PhD-but-my-financial-conditions-do-not-support-me-at-all-What-should-I-do,OTHER,null,2,0
"I have $50,000 to spend on an education to earn a doctorate in counselling so I can advance my therapist career. This would have to be supplemented by government student loans. Where should I spend it?",https://youtube.com/watch?v=GNGMGDBynIE,ARTICLE,Why I Chose an Online Doctorate in Counselling & Psychotherapy | Yorkville Alumni Experience,2,0
"I have $50,000 to spend on an education to earn a doctorate in counselling so I can advance my therapist career. This would have to be supplemented by government student loans. Where should I spend it?",https://youtube.com/watch?v=KYUCntlCMxw,ARTICLE,Online Doctorate for Counsellors: Yorkville University's Doctor of Counselling & Psychotherapy,2,0
"I have $50,000 to spend on an education to earn a doctorate in counselling so I can advance my therapist career. This would have to be supplemented by government student loans. Where should I spend it?",https://youtube.com/watch?v=vDMNPhmZsTc,PRODUCT_PAGE,Yorkville University | Doctorate of Counselling Psychology Program,2,0
"I have $50,000 to spend on an education to earn a doctorate in counselling so I can advance my therapist career. This would have to be supplemented by government student loans. Where should I spend it?",https://canadian-universities.net/Universities/Programs/Doctorate-Counselling_and_Therapy.html,CATEGORY_PAGE,Canadian Counselling and Therapy PhD and Doctorate Programs,1,0
"I have $50,000 to spend on an education to earn a doctorate in counselling so I can advance my therapist career. This would have to be supplemented by government student loans. Where should I spend it?",https://academicinfluence.com/rankings/online-degree/most-affordable-counseling-phd,LISTICLE,Top 16 Most Affordable Online Counseling PhDs (Doctorates) | Academic Influence,1,0
"I have $50,000 to spend on an education to earn a doctorate in counselling so I can advance my therapist career. This would have to be supplemented by government student loans. Where should I spend it?",https://blog.theralist.ca/how-to-find-a-therapist-in-toronto-your-complete-2026-guide,HOW_TO_GUIDE,How to Find a Therapist in Toronto (2026) | Theralist,1,0
"I just landed in Canada as an immigrant and want to get a business degree, but I need to work during the day. Are there any online programs that would be good for me?",https://athabascau.ca/business/about/about-our-offerings/undergraduate-programs.html,CATEGORY_PAGE,Athabasca University,2,1
"I just landed in Canada as an immigrant and want to get a business degree, but I need to work during the day. Are there any online programs that would be good for me?",https://athabascau.ca/programs/summary/bachelor-of-commerce-in-business-technology-management.html,PRODUCT_PAGE,Athabasca University,2,0
"I just landed in Canada as an immigrant and want to get a business degree, but I need to work during the day. Are there any online programs that would be good for me?",https://athabascau.ca/programs/summary/bachelor-of-commerce-in-finance.html,PRODUCT_PAGE,"Bachelor of Commerce, Finance Major | Online BComm | Athabasca University",2,0
"I just landed in Canada as an immigrant and want to get a business degree, but I need to work during the day. Are there any online programs that would be good for me?",https://educanada.ca/live-work-vivre-travailler/work-travail/after-apres.aspx?lang=eng,HOW_TO_GUIDE,Work in Canada after your studies,2,1
"I just landed in Canada as an immigrant and want to get a business degree, but I need to work during the day. Are there any online programs that would be good for me?",https://educations.com/business-studies/canada/distance-learning/part-time,CATEGORY_PAGE,57 Online Part time Business and Management Degree Programs in Canada - Study Abroad | educations.com,2,0
"I just landed in Canada as an immigrant and want to get a business degree, but I need to work during the day. Are there any online programs that would be good for me?",https://educations.com/masters-degrees/business-studies/canada/distance-learning/part-time,CATEGORY_PAGE,13 Online Part time Business and Management Masters Degree Programs in Canada - Study Abroad | educations.com,2,0
"I just landed in Canada as an immigrant and want to get a business degree, but I need to work during the day. Are there any online programs that would be good for me?",https://facebook.com/groups/YYCSYR/posts/3476253896028124,DISCUSSION,null,2,0
"I just landed in Canada as an immigrant and want to get a business degree, but I need to work during the day. Are there any online programs that would be good for me?",https://lakeheadu.ca/programs/departments/business/part-time-mba,PRODUCT_PAGE,Part-time MBA (online) | Lakehead University,2,0.5
"I just landed in Canada as an immigrant and want to get a business degree, but I need to work during the day. Are there any online programs that would be good for me?",https://viu.ca/programs/business-management/bachelor-business-administration-bba-majors-and-minors,PRODUCT_PAGE,"Bachelor of Business Administration (BBA), Majors and Minors | Vancouver Island University",2,0
"I just landed in Canada as an immigrant and want to get a business degree, but I need to work during the day. Are there any online programs that would be good for me?",https://yorkvilleu.ca/programs,CATEGORY_PAGE,Programs | Yorkville University,2,0
"I want to become a therapist, but don't have a lot of money or time. How can I earn an accredited graduate degree at my own pace online. I live in Ontario",https://acllaw.ca/registering-with-the-crpo-to-practice-psychotherapy,HOW_TO_GUIDE,Registering with the CRPO to practice Psychotherapy,1,0
"I want to become a therapist, but don't have a lot of money or time. How can I earn an accredited graduate degree at my own pace online. I live in Ontario",https://adler.ca/academic-calendar/academic-calendar/academic-programs/transitional-equivalency-program-teq,PRODUCT_PAGE,Transitional Equivalency Program (TEQ),1,0
"I want to become a therapist, but don't have a lot of money or time. How can I earn an accredited graduate degree at my own pace online. I live in Ontario",https://alis.alberta.ca/occinfo/post-secondary-programs/master-of-counselling/athabasca-university/14221409-4f01-474c-93d6-a12700c5f314,PROFILE,Master of Counselling in Counselling Psychology - Athabasca University: Post-Secondary Programs in Alberta - alis,1,1
"I want to become a therapist, but don't have a lot of money or time. How can I earn an accredited graduate degree at my own pace online. I live in Ontario",https://becominginstitute.ca/blog/rn-psychotherapist-credentialing-program-ontario,PRODUCT_PAGE,RN-Psychotherapist Credentialing Program | Becoming Institute,1,1
"I want to become a therapist, but don't have a lot of money or time. How can I earn an accredited graduate degree at my own pace online. I live in Ontario",https://canadacourses.ca/online-psychology-courses-for-canadians,LISTICLE,6 Best Online Psychology Courses For Canadians in 2024,1,0
"I want to become a therapist, but don't have a lot of money or time. How can I earn an accredited graduate degree at my own pace online. I live in Ontario",https://cityuniversity.ca/campuses/ontario,PRODUCT_PAGE,University in Ontario – CityU Canada Ontario University Campus,1,0
"I want to become a therapist, but don't have a lot of money or time. How can I earn an accredited graduate degree at my own pace online. I live in Ontario",https://cityuniversity.ca/great-news-for-the-master-of-counselling-virtual-program,OTHER,Great news for the Master of Counselling Virtual Program - CityU in Canada,1,0
"I want to become a therapist, but don't have a lot of money or time. How can I earn an accredited graduate degree at my own pace online. I live in Ontario",https://en.wikipedia.org/wiki/I,ARTICLE,I,1,0
"I want to become a therapist, but don't have a lot of money or time. How can I earn an accredited graduate degree at my own pace online. I live in Ontario",https://everwellcounselling.ca/online-affordable-therapy-ontario,OTHER,Affordable Therapy - everwell Counselling — everwell Online Therapy and Counselling,1,0
"I want to become a therapist, but don't have a lot of money or time. How can I earn an accredited graduate degree at my own pace online. I live in Ontario",https://forum.thegradcafe.com/topic/124293-do-i-stand-a-chance-if-not-any-suggestions-would-be-appreciated,DISCUSSION,"Do I stand a chance? If not, any suggestions would be appreciated!",1,0
I'm a filmmaker with a college diploma. Are there any degrees for artists in BC wanting to get into the business side of the industry? List and compare the options.,https://vancouver.calendar.ubc.ca/faculties-colleges-and-schools/faculty-arts/bachelor-fine-arts/film-production,PRODUCT_PAGE,Film Production | UBC Academic Calendar,2,0
I'm a filmmaker with a college diploma. Are there any degrees for artists in BC wanting to get into the business side of the industry? List and compare the options.,https://vancouver.calendar.ubc.ca/faculties-colleges-and-schools/faculty-arts/diploma-film-production,PRODUCT_PAGE,Diploma in Film Production | UBC Academic Calendar,2,0
I'm a filmmaker with a college diploma. Are there any degrees for artists in BC wanting to get into the business side of the industry? List and compare the options.,https://vfs.edu/pathway-overview,CATEGORY_PAGE,VFS Pathway Overview | Vancouver Film School,2,3.5
I'm a filmmaker with a college diploma. Are there any degrees for artists in BC wanting to get into the business side of the industry? List and compare the options.,https://vfs.edu/pathway/ufv,PRODUCT_PAGE,VFS-University of the Fraser Valley Degree Pathway | Vancouver Film School,2,0
I'm a filmmaker with a college diploma. Are there any degrees for artists in BC wanting to get into the business side of the industry? List and compare the options.,https://vfs.edu/press-room/2015/06/17/vfs-bcit-launch-unprecedented-partnership,ARTICLE,VFS &amp; BCIT launch unprecedented partnership | Vancouver Film School,2,0
I'm a filmmaker with a college diploma. Are there any degrees for artists in BC wanting to get into the business side of the industry? List and compare the options.,https://applyboard.com/schools/british-columbia-institute-of-technology-downtown-bcit/programs/bachelor-of-creative-industries,PRODUCT_PAGE,Bachelor of Creative Industries in Canada,2,0
I'm a filmmaker with a college diploma. Are there any degrees for artists in BC wanting to get into the business side of the industry? List and compare the options.,https://arts.ubc.ca/programs/program-options,CATEGORY_PAGE,Program Options | Faculty of Arts | University of British Columbia (UBC),2,0.5
I'm a filmmaker with a college diploma. Are there any degrees for artists in BC wanting to get into the business side of the industry? List and compare the options.,https://bcit.ca/business-media/post-secondary-partners/vancouver-institute-of-media-arts,OTHER,British Columbia Institute of Technology,2,0
I'm a filmmaker with a college diploma. Are there any degrees for artists in BC wanting to get into the business side of the industry? List and compare the options.,https://bcit.ca/business-media/study,CATEGORY_PAGE,Areas of Study,2,0
I'm a filmmaker with a college diploma. Are there any degrees for artists in BC wanting to get into the business side of the industry? List and compare the options.,https://bcit.ca/business-media/study/digital-arts,CATEGORY_PAGE,"Digital Arts, Media and Design",2,0
I'm a filmmaker with a college diploma. Are there any degrees for artists in Ontario wanting to get into the business side of the industry? List and compare the options.,https://artsadministration.org/programs/arts-media-entertainment-management-2,PROFILE,"Arts, Media & Entertainment Management - Association of Arts Administration Educators",2,0
I'm a filmmaker with a college diploma. Are there any degrees for artists in Ontario wanting to get into the business side of the industry? List and compare the options.,https://future.utoronto.ca/program/arts-and-media-management,CATEGORY_PAGE,Arts and Media Management | Future Students. University of Toronto,2,0.5
I'm a filmmaker with a college diploma. Are there any degrees for artists in Ontario wanting to get into the business side of the industry? List and compare the options.,https://humber.ca/downtowncampus/programs/arts-administration-and-cultural-management,CATEGORY_PAGE,Arts Administration and Cultural Management | Explore Programs,2,0
I'm a filmmaker with a college diploma. Are there any degrees for artists in Ontario wanting to get into the business side of the industry? List and compare the options.,https://humber.ca/search/full-time/career-areas/film-and-media-production.html,CATEGORY_PAGE,Explore Film &amp; Media Production Programs | Humber Polytechnic | Explore Programs,2,0
I'm a filmmaker with a college diploma. Are there any degrees for artists in Ontario wanting to get into the business side of the industry? List and compare the options.,https://loaportal.com/en/schools/tmu-toronto-metropolitan-university/programs/bachelor-of-arts-creative-industries-14912,PRODUCT_PAGE,Bachelor Of Arts - Creative Industries at TMU - Toronto Metropolitan University - Program overview | LOA Portal,2,0
I'm a filmmaker with a college diploma. Are there any degrees for artists in Ontario wanting to get into the business side of the industry? List and compare the options.,https://mediaarts.humber.ca/programs/arts-administration-and-cultural-management.html,CATEGORY_PAGE,Arts Administration and Cultural Management | Explore Programs,2,0
I'm a filmmaker with a college diploma. Are there any degrees for artists in Ontario wanting to get into the business side of the industry? List and compare the options.,https://mediaarts.humber.ca/programs/film-and-media-production.html,CATEGORY_PAGE,"Film and Media Production, Bachelor of | Explore Programs",2,1
I'm a filmmaker with a college diploma. Are there any degrees for artists in Ontario wanting to get into the business side of the industry? List and compare the options.,https://mediaarts.humber.ca/programs/fmtv.html,CATEGORY_PAGE,Film and Television Production | Explore Programs,2,0
I'm a filmmaker with a college diploma. Are there any degrees for artists in Ontario wanting to get into the business side of the industry? List and compare the options.,https://schulich.yorku.ca/admissions/admissions-requirements/mba-mfa-ma,PRODUCT_PAGE,Master of Business Administration / Master of Fine Arts / Master of Arts (MBA / MFA / MA) Admission Requirements - Schulich School of Business,2,0
I'm a filmmaker with a college diploma. Are there any degrees for artists in Ontario wanting to get into the business side of the industry? List and compare the options.,https://schulich.yorku.ca/programs/mba,PRODUCT_PAGE,MBA (Master of Business Administration) - Schulich School of Business,2,0
Is an online BBA worth it? List a few key programs worth exploring as I consider my next steps.,https://forbes.com/advisor/education/business-and-marketing/best-online-business-management-degree-programs,LISTICLE,Best Online Business Management Degrees of 2026,2,0
Is an online BBA worth it? List a few key programs worth exploring as I consider my next steps.,https://nexford.edu/insights/best-online-bba-programs-in-florida,COMPARISON,Best Online BBA Programs in Florida - 2026 Comparison | Nexford University,2,2
Is an online BBA worth it? List a few key programs worth exploring as I consider my next steps.,https://quora.com/How-is-an-online-degree-for-a-BBA,DISCUSSION,How is an online degree for a BBA? - Quora,2,0
Is an online BBA worth it? List a few key programs worth exploring as I consider my next steps.,https://shiksha.com/online-courses/articles/is-an-online-bba-degree-worth-it-blogId-170257,LISTICLE,"Best BBA Colleges in India: Admission 2026, Fees, Ranking, Exams, Placements",2,0
Is an online BBA worth it? List a few key programs worth exploring as I consider my next steps.,https://snhu.edu/online-degrees/bachelors/bs-in-business-administration,CATEGORY_PAGE,Online Business Degree,2,2
Is an online BBA worth it? List a few key programs worth exploring as I consider my next steps.,https://upgrad.com/ca/blog/best-online-mba-programs-in-canada-for-working-professionals,LISTICLE,Best Online MBA Programs in Canada for Working Professionals,2,0
Is an online BBA worth it? List a few key programs worth exploring as I consider my next steps.,https://yorkvilleu.ca/programs/bachelor-of-business-administration-online/accounting,CATEGORY_PAGE,Online Accounting Program - BBA | Yorkville University,2,0
Is an online BBA worth it? List a few key programs worth exploring as I consider my next steps.,https://aapkamba.com/blog/best-online-bba-programs-india-2026,LISTICLE,Best Online BBA Programs in India 2026 — Fees & Colleges,1,0
Is an online BBA worth it? List a few key programs worth exploring as I consider my next steps.,https://academicinfluence.com/rankings/online-degree/best-business-management-bachelors,LISTICLE,Top 10 Best Online Business Management Bachelor’s Programs 2026 | Academic Influence,1,0
Is an online BBA worth it? List a few key programs worth exploring as I consider my next steps.,https://britishacademyhs.org/is-an-online-bba-from-the-uk-worth-it-career-prospects-curriculum-and-accreditation-explained,OTHER,"Is an Online BBA from the UK Worth It? Career Prospects, Curriculum, and Accreditation Explained",1,0
"What are my financial aid options for counselling psychology masters students? I'm in Ontario, but would also be helpful to know Canada wide.",https://reddit.com/r/psychologystudents/comments/1fhbd74/someone_just_tell_me_what_to_do_please,DISCUSSION,Someone just tell me what to do please 🙏 ,3,0
"What are my financial aid options for counselling psychology masters students? I'm in Ontario, but would also be helpful to know Canada wide.",https://torontomu.ca/psychology/programs/graduate/funding-and-scholarships,CATEGORY_PAGE,Funding and Scholarships,3,0.3333333333333333
"What are my financial aid options for counselling psychology masters students? I'm in Ontario, but would also be helpful to know Canada wide.",https://fundmycourse.ca/scholarships/ontario-graduate-scholarship-ogs,OTHER,Ontario Graduate Scholarship (OGS) | Fund My Course,2,0
"What are my financial aid options for counselling psychology masters students? I'm in Ontario, but would also be helpful to know Canada wide.",https://grad.ucalgary.ca/awards-and-funding/award-opportunities/CGRSM,CATEGORY_PAGE,Canada Graduate Research Scholarships - Master's (CGRS M),2,1
"What are my financial aid options for counselling psychology masters students? I'm in Ontario, but would also be helpful to know Canada wide.",https://gradadmissions.ocadu.ca/afford/funding,HOW_TO_GUIDE,Funding | OCADU,2,0
"What are my financial aid options for counselling psychology masters students? I'm in Ontario, but would also be helpful to know Canada wide.",https://graduatestudies.uoguelph.ca/current/funding/scholarships/gov-fundedawards/ogs,OTHER,Ontario Graduate Scholarship (OGS) Program,2,0.5
"What are my financial aid options for counselling psychology masters students? I'm in Ontario, but would also be helpful to know Canada wide.",https://ischool.utoronto.ca/graduate-students/money-matters-graduate/financial-aid-graduate,OTHER,Financial Aid Graduate - Faculty of Information,2,0
"What are my financial aid options for counselling psychology masters students? I'm in Ontario, but would also be helpful to know Canada wide.",https://osap.gov.on.ca,HOMEPAGE,null,2,0
"What are my financial aid options for counselling psychology masters students? I'm in Ontario, but would also be helpful to know Canada wide.",https://uwaterloo.ca/psychology/current-graduate-students/funding-awards,CATEGORY_PAGE,Funding & awards | Psychology | University of Waterloo,2,0
"What are my financial aid options for counselling psychology masters students? I'm in Ontario, but would also be helpful to know Canada wide.",https://canada.ca/en/services/benefits/education/student-aid.html,CATEGORY_PAGE,Student aid - Canada.ca,2,0.5
What is the ROI on a Canadian M.Ed for careers in management? And are there any high ROI M.Ed programs I should take a look at based on your research?,https://mastersportal.com/countries/degrees/537788424/master-of-education-in-canada.html,CATEGORY_PAGE,Your guide to a Master of Education in Canada \| Mastersportal,2,0
What is the ROI on a Canadian M.Ed for careers in management? And are there any high ROI M.Ed programs I should take a look at based on your research?,https://mastersportal.com/search/master/med/educational-leadership/canada,CATEGORY_PAGE,8 M.Ed. Master of Education in Educational Leadership in Canada \| Mastersportal,2,0
What is the ROI on a Canadian M.Ed for careers in management? And are there any high ROI M.Ed programs I should take a look at based on your research?,https://mun.ca/educ/programs/graduate-programs/master/educational-leadership-studies,PRODUCT_PAGE,Master of Education (Educational Leadership Studies) | Faculty of Education,2,0
What is the ROI on a Canadian M.Ed for careers in management? And are there any high ROI M.Ed programs I should take a look at based on your research?,https://oise.utoronto.ca/lhae/masters-degrees/master-education-educational-leadership-policy-onlinehybrid-cohort,PRODUCT_PAGE,Master of Education in Educational Leadership & Policy (Online/Hybrid Cohort) | Ontario Institute for Studies in Education,2,0
What is the ROI on a Canadian M.Ed for careers in management? And are there any high ROI M.Ed programs I should take a look at based on your research?,https://oise.utoronto.ca/lhae/masters-degrees/master-education-higher-education,PRODUCT_PAGE,Master of Education in Higher Education | Ontario Institute for Studies in Education,2,0.5
What is the ROI on a Canadian M.Ed for careers in management? And are there any high ROI M.Ed programs I should take a look at based on your research?,https://payscale.com/research/CA/Degree=Master_of_Education_(MEd)%2C_Education/Salary,PROFILE,"Master of Education (MEd), Education Salary in Canada",2,0
What is the ROI on a Canadian M.Ed for careers in management? And are there any high ROI M.Ed programs I should take a look at based on your research?,https://reddit.com/r/CanadianTeachers/comments/16lhifq/is_a_masters_worth_it,DISCUSSION,Is a masters worth it?,2,0
What is the ROI on a Canadian M.Ed for careers in management? And are there any high ROI M.Ed programs I should take a look at based on your research?,https://reddit.com/r/CanadianTeachers/comments/1gszzf6/masters_degree_in_education,DISCUSSION,Master's Degree in Education,2,0
What is the ROI on a Canadian M.Ed for careers in management? And are there any high ROI M.Ed programs I should take a look at based on your research?,https://reddit.com/r/CanadianTeachers/comments/1m5lbcy/looking_for_recommendations_on_online_master_of,DISCUSSION,Looking for recommendations on online Master of Education programs in Canada,2,0
What is the ROI on a Canadian M.Ed for careers in management? And are there any high ROI M.Ed programs I should take a look at based on your research?,https://reddit.com/r/CanadianTeachers/comments/u3huml/does_a_masters_degree_increase_your_salary,DISCUSSION,Does a Master's Degree increase your salary?,2,0
What is the ROI on a Canadian MBA for careers in management? And are there any high ROI MBA programs I should take a look at based on your research?,https://academicjobs.com/ca/higher-education-news/financial-times-2026-global-mba-rankings-five-canadian-schools-top-100-5857,ARTICLE,FT 2026 MBA Rankings: 5 Canadian Schools in Top 100,2,0
What is the ROI on a Canadian MBA for careers in management? And are there any high ROI MBA programs I should take a look at based on your research?,https://avanse.com/blog/mba-salary-in-canada,LISTICLE,"MBA Salary in Canada 2026: Average Pay, Job Roles &amp;amp; Industry Insights",2,0.5
What is the ROI on a Canadian MBA for careers in management? And are there any high ROI MBA programs I should take a look at based on your research?,https://coursecompare.ca/best-emba-executive-mba,LISTICLE,The Best Executive MBA (EMBA) Programs of 2026 | CourseCompare.ca,2,0
What is the ROI on a Canadian MBA for careers in management? And are there any high ROI MBA programs I should take a look at based on your research?,https://coursera.org/ca/articles/mba-degree-salary,ARTICLE,MBA Salary in Canada: 2026 Guide,2,0
What is the ROI on a Canadian MBA for careers in management? And are there any high ROI MBA programs I should take a look at based on your research?,https://crackverbal.com/resources/top-20-best-mba-colleges-in-canada,LISTICLE,Top 20 Best MBA Colleges in Canada 2026: Rankings &amp; Fees,2,0
What is the ROI on a Canadian MBA for careers in management? And are there any high ROI MBA programs I should take a look at based on your research?,https://gmac.com/resources/learners/how-to-apply/application-guidance/mba-programs-best-return-investment,LISTICLE,Which MBA Programs Offer The Best Return On Investment?,2,0
What is the ROI on a Canadian MBA for careers in management? And are there any high ROI MBA programs I should take a look at based on your research?,https://goalisb.com/post/rotman-mba-vs-schulich-mba,COMPARISON,Decoding Excellence: Rotman MBA vs. Schulich MBA - Which is Right for You?,2,0
What is the ROI on a Canadian MBA for careers in management? And are there any high ROI MBA programs I should take a look at based on your research?,https://maxxcelloverseas.com/blogs-list/blog-page-mba-in-canada-b-schools-with-best-roi,LISTICLE,MBA in Canada- B-schools With Best ROI - Maxxcell Institute & Overseas Education,2,0
What is the ROI on a Canadian MBA for careers in management? And are there any high ROI MBA programs I should take a look at based on your research?,https://mim-essay.com/ivey-mba,ARTICLE,"Ivey Business School MBA – Fees, GMAT & Career Outcomes",2,0
What is the ROI on a Canadian MBA for careers in management? And are there any high ROI MBA programs I should take a look at based on your research?,https://rotman.utoronto.ca/programs/mba-programs/full-time-mba/careers,PRODUCT_PAGE,Full-Time MBA,2,1
What is the difference between a masters of education in curriculum and pedagogy and a masters in educational leadership? Which one is better? And where can I earn one in Canada?,https://educ.ubc.ca/master-of-education-curriculum-studies-med,CATEGORY_PAGE,Master of Education (MEd) – Curriculum Studies,2,0.5
What is the difference between a masters of education in curriculum and pedagogy and a masters in educational leadership? Which one is better? And where can I earn one in Canada?,https://cn.edu/programs/master-of-education,PRODUCT_PAGE,Master of Education Degree Program | C-N University,2,0
What is the difference between a masters of education in curriculum and pedagogy and a masters in educational leadership? Which one is better? And where can I earn one in Canada?,https://coursecompare.ca/courses/toronto/university-of-toronto/master-of-education-in-curriculum-pedagogy,OTHER,University of Toronto Toronto - Full-Time Master of Education in Curriculum & Pedagogy | CourseCompare.ca,2,0.5
What is the difference between a masters of education in curriculum and pedagogy and a masters in educational leadership? Which one is better? And where can I earn one in Canada?,https://educationdegree.com/programs/masters-in-education,OTHER,Master’s in Education \| Online Degrees – Education Degree,2,0
What is the difference between a masters of education in curriculum and pedagogy and a masters in educational leadership? Which one is better? And where can I earn one in Canada?,https://educations.com/masters-degrees/educational-leadership/canada,CATEGORY_PAGE,17 Education and Teaching Masters Degree Programs in Canada - Study Abroad | educations.com,2,0.5
What is the difference between a masters of education in curriculum and pedagogy and a masters in educational leadership? Which one is better? And where can I earn one in Canada?,https://oise.utoronto.ca/ctl/masters-degrees/master-arts-curriculum-pedagogy,OTHER,Master of Arts in Curriculum & Pedagogy | Ontario Institute for Studies in Education,2,0
What is the difference between a masters of education in curriculum and pedagogy and a masters in educational leadership? Which one is better? And where can I earn one in Canada?,https://oise.utoronto.ca/lhae/masters-degrees/master-arts-educational-leadership-policy,PRODUCT_PAGE,Master of Arts in Educational Leadership & Policy | Ontario Institute for Studies in Education,2,0
What is the difference between a masters of education in curriculum and pedagogy and a masters in educational leadership? Which one is better? And where can I earn one in Canada?,https://quora.com/Which-program-concentration-is-best-high-salary-high-demand-for-Masters-of-Education-in-Canada-Is-it-Counselling-or-Critical-Studies-or-Curriculum-and-Instruction-or-Educational-Leadership-Administration-or,OTHER,null,2,0
What is the difference between a masters of education in curriculum and pedagogy and a masters in educational leadership? Which one is better? And where can I earn one in Canada?,https://sfu.ca/education/programs/graduate-studies/areas-of-study/edu-leader.html,CATEGORY_PAGE,Educational Leadership,2,2
What is the difference between a masters of education in curriculum and pedagogy and a masters in educational leadership? Which one is better? And where can I earn one in Canada?,https://amberstudent.com/blog/post/teachers-courses-in-canada-for-international-students,LISTICLE,Teaching Courses in Canada for International Students,1,0
What is the difference between an Executive MBA vs Online MBA in Canada? Can you provide a few examples of each?,https://onlinessb.carleton.ca/business-degrees/mba,PRODUCT_PAGE,Online MBA Degree Programs at Carleton University,2,1
What is the difference between an Executive MBA vs Online MBA in Canada? Can you provide a few examples of each?,https://schulich.yorku.ca/achieve/kellogg-schulich-executive-mba,PRODUCT_PAGE,The Kellogg-Schulich Executive MBA (EMBA) - Schulich School of Business,2,0
What is the difference between an Executive MBA vs Online MBA in Canada? Can you provide a few examples of each?,https://smith.queensu.ca/mba_programs/gomba/index.php,PRODUCT_PAGE,Global Online MBA | Smith School of Business,2,1.5
What is the difference between an Executive MBA vs Online MBA in Canada? Can you provide a few examples of each?,https://ufred.ca/mba,HOMEPAGE,Online MBA Canada | UFred,2,0.5
What is the difference between an Executive MBA vs Online MBA in Canada? Can you provide a few examples of each?,https://ufred.ca/programs/business/mba,PRODUCT_PAGE,Online MBA Canada | UFred,2,0
What is the difference between an Executive MBA vs Online MBA in Canada? Can you provide a few examples of each?,https://concordia.ca/cunews/jmsb/graduate/recruitment/2019/12/03/mba-vs-emba-whats-the-difference.html,COMPARISON,MBA Vs EMBA: What’s The Difference? | News - Concordia University,2,1
What is the difference between an Executive MBA vs Online MBA in Canada? Can you provide a few examples of each?,https://coursera.org/ca/articles/executive-mba,ARTICLE,What Is an Executive MBA? | Coursera,2,3
What is the difference between an Executive MBA vs Online MBA in Canada? Can you provide a few examples of each?,https://ivey.uwo.ca/mba/blog/2011/7/mba-vs-emba-where-do-you-fit,COMPARISON,MBA vs EMBA: Where do you fit?,2,0
What is the difference between an Executive MBA vs Online MBA in Canada? Can you provide a few examples of each?,https://johnson.cornell.edu/programs/emba-vs-mba,COMPARISON,Executive MBA vs. MBA: What’s the Difference? | Cornell Johnson,2,0
What is the difference between an Executive MBA vs Online MBA in Canada? Can you provide a few examples of each?,https://mastersportal.com/study-options/269353198/executive-mba-canada.html,CATEGORY_PAGE,Executive MBA in Canada: 2026 Master's Guide \| Mastersportal,2,0
